{"cameraMode":{"drawMode":0,"name":"Shaded","section":"Shading Mode"},"sceneLighting":true,"audioPlay":false,"sceneViewState":{"showFog":true,"showMaterialUpdate":false,"showSkybox":true,"showFlares":true,"showImageEffects":true,"showParticleSystems":true},"in2DMode":false,"pivot":{"x":18.94102668762207,"y":25.26850128173828,"z":35.39190673828125},"rotation":{"x":-0.05428294837474823,"y":-0.0023997153621166946,"z":0.00013040757039561868,"w":-0.9985226988792419},"size":62.126434326171878,"orthographic":false}