{"cameraMode":{"drawMode":0,"name":"Shaded","section":"Shading Mode"},"sceneLighting":true,"audioPlay":false,"sceneViewState":{"showFog":true,"showMaterialUpdate":false,"showSkybox":true,"showFlares":true,"showImageEffects":true,"showParticleSystems":true},"in2DMode":false,"pivot":{"x":0.023976465687155725,"y":0.9157276749610901,"z":0.7168889045715332},"rotation":{"x":0.04736953228712082,"y":-0.15903422236442567,"z":0.007639516144990921,"w":0.9861066937446594},"size":3.657560348510742,"orthographic":false}