{"cameraMode":{"drawMode":0,"name":"Shaded","section":"Shading Mode"},"sceneLighting":false,"audioPlay":false,"sceneViewState":{"showFog":true,"showMaterialUpdate":false,"showSkybox":false,"showFlares":true,"showImageEffects":true,"showParticleSystems":true},"in2DMode":false,"pivot":{"x":40.400001525878909,"y":14.100000381469727,"z":0.0},"rotation":{"x":-0.02399487979710102,"y":0.015292100608348847,"z":-0.0003584044461604208,"w":-0.9996179938316345},"size":4.334721565246582,"orthographic":false}